--
-- Sample dataset containing a number of Hotels in various Cities across the world.  The reviews are entirely fictional :)
--

-- =================================================================================================
--create table category_master (CHILD_CATEGORY_ID bigint generated by default as identity, category_description varchar(100) not null, CHILD_CATEGORY_NAME varchar(100) not null, percentage varchar(100) not null, primary key (CHILD_CATEGORY_ID))
--create table child_measure (child_measure_id bigint generated by default as identity, postal_id bigint, primary key (child_measure_id))
--create table city_master (city_id bigint generated by default as identity, city_name varchar(100) not null, county_id bigint, primary key (city_id))
--create table county_master (county_id bigint generated by default as identity, county_name varchar(100) not null, primary key (county_id))
--create table postal_code_master (postal_id bigint generated by default as identity, postal_code varchar(100) not null, city_id bigint, primary key (postal_id))
--create table state_master (state_id bigint generated by default as identity, state_name varchar(100) not null, primary key (state_id))
--alter table category_master add constraint FKvj0ekrpiksxhbe74pd18u682 foreign key (CHILD_CATEGORY_ID) references child_measure
--alter table child_measure add constraint FK6c3971mcv2bkwcw2au1mee9hg foreign key (postal_id) references postal_code_master
--alter table city_master add constraint FK4q0uk6rb3aqghqjo4bdklihf4 foreign key (county_id) references county_master
--alter table postal_code_master add constraint FKkuhpvjlhgtvi022sovibi7ov5 foreign key (city_id) references city_master

insert into STATE_MASTER(STATE_ID, STATE_NAME) values ('123456', 'Georgia');
insert into STATE_MASTER(STATE_ID, STATE_NAME) values ('123457', 'NorthCarolina');
insert into STATE_MASTER(STATE_ID, STATE_NAME) values ('123458', 'SouthCarolina');
insert into STATE_MASTER(STATE_ID, STATE_NAME) values ('123459', 'Florida');
insert into STATE_MASTER(STATE_ID, STATE_NAME) values ('123460', 'Texus');

insert into CITY_MASTER(CITY_ID, CITY_NAME, STATE_ID) values ('323456', 'Atlanta', '123456');
insert into CITY_MASTER(CITY_ID, CITY_NAME, STATE_ID) values ('323457', 'Alpharetta', '123456');
insert into CITY_MASTER(CITY_ID, CITY_NAME, STATE_ID) values ('323458', 'Columbus', '123456');
insert into CITY_MASTER(CITY_ID, CITY_NAME, STATE_ID) values ('323459', 'Roswell', '123456');
insert into CITY_MASTER(CITY_ID, CITY_NAME, STATE_ID) values ('323460', 'Savannah', '123456');


insert into COUNTY_MASTER(COUNTY_ID, COUNTY_NAME, CITY_ID) values ('223457', 'butts', '323456');
insert into COUNTY_MASTER(COUNTY_ID, COUNTY_NAME, CITY_ID) values ('223458', 'cherokee', '323456');
insert into COUNTY_MASTER(COUNTY_ID, COUNTY_NAME, CITY_ID) values ('223459', 'clayton', '323456');
insert into COUNTY_MASTER(COUNTY_ID, COUNTY_NAME, CITY_ID) values ('223460', 'cobb', '323456');
insert into COUNTY_MASTER(COUNTY_ID, COUNTY_NAME, CITY_ID) values ('223461', 'coweta', '323456');
insert into COUNTY_MASTER(COUNTY_ID, COUNTY_NAME, CITY_ID) values ('223462', 'deKalb', '323456');
insert into COUNTY_MASTER(COUNTY_ID, COUNTY_NAME, CITY_ID) values ('223463', 'douglas', '323456');
insert into COUNTY_MASTER(COUNTY_ID, COUNTY_NAME, CITY_ID) values ('223464', 'fayette', '323456');
insert into COUNTY_MASTER(COUNTY_ID, COUNTY_NAME, CITY_ID) values ('223465', 'fulton', '323456');
insert into COUNTY_MASTER(COUNTY_ID, COUNTY_NAME, CITY_ID) values ('223466', 'gwinnett', '323456');
insert into COUNTY_MASTER(COUNTY_ID, COUNTY_NAME, CITY_ID) values ('223467', 'henry', '323456');
insert into COUNTY_MASTER(COUNTY_ID, COUNTY_NAME, CITY_ID) values ('223468', 'paulding', '323456');
insert into COUNTY_MASTER(COUNTY_ID, COUNTY_NAME, CITY_ID) values ('223469', 'rockdale', '323456');

-- Fayette
insert into ZIPCODE_MASTER(ZIPCODE_ID, ZIPCODE_NAME, COUNTY_ID) values ('400001', '30205', '223464');
insert into ZIPCODE_MASTER(ZIPCODE_ID, ZIPCODE_NAME, COUNTY_ID) values ('400002', '30214', '223464');
insert into ZIPCODE_MASTER(ZIPCODE_ID, ZIPCODE_NAME, COUNTY_ID) values ('400003', '30215', '223464');
insert into ZIPCODE_MASTER(ZIPCODE_ID, ZIPCODE_NAME, COUNTY_ID) values ('400004', '30269', '223464');
insert into ZIPCODE_MASTER(ZIPCODE_ID, ZIPCODE_NAME, COUNTY_ID) values ('400005', '30290', '223464');
-- Fulton
insert into ZIPCODE_MASTER(ZIPCODE_ID, ZIPCODE_NAME, COUNTY_ID) values ('400006', '30328', '223465')
insert into ZIPCODE_MASTER(ZIPCODE_ID, ZIPCODE_NAME, COUNTY_ID) values ('400007', '30305', '223465')


insert into CHILD_MEASURE_CATEGORY_MASTER(CHILD_CATEGORY_ID, CHILD_CATEGORY_NAME, PERCENTAGE, COUNTY_ID) values ('523487', 'High School College and Career Readiness Score By County', '70.9', '223457');
insert into CHILD_MEASURE_CATEGORY_MASTER(CHILD_CATEGORY_ID, CHILD_CATEGORY_NAME, PERCENTAGE, COUNTY_ID) values ('523488', 'High School Graduation Rate By County', '79.4', '223457');
insert into CHILD_MEASURE_CATEGORY_MASTER(CHILD_CATEGORY_ID, CHILD_CATEGORY_NAME, PERCENTAGE, COUNTY_ID) values ('523489', 'Percent Exceeding 3rd Grade Reading Standard By County', '38.2', '223457');
insert into CHILD_MEASURE_CATEGORY_MASTER(CHILD_CATEGORY_ID, CHILD_CATEGORY_NAME, PERCENTAGE, COUNTY_ID) values ('523490', 'Percent Exceeding 8th Grade Math Standard By County', '14.8', '223457');
insert into CHILD_MEASURE_CATEGORY_MASTER(CHILD_CATEGORY_ID, CHILD_CATEGORY_NAME, PERCENTAGE, COUNTY_ID) values ('523491', 'Percent Low Birth Weight Births By County', '9.8', '223457');
insert into CHILD_MEASURE_CATEGORY_MASTER(CHILD_CATEGORY_ID, CHILD_CATEGORY_NAME, PERCENTAGE, COUNTY_ID) values ('523492', 'Percent Children Without Health Insurance By County', '7.2', '223457');
insert into CHILD_MEASURE_CATEGORY_MASTER(CHILD_CATEGORY_ID, CHILD_CATEGORY_NAME, PERCENTAGE, COUNTY_ID) values ('523493', 'Percent Children in Poverty By County', '22.7', '223457');

insert into CHILD_MEASURE_CATEGORY_MASTER(CHILD_CATEGORY_ID, CHILD_CATEGORY_NAME, PERCENTAGE, COUNTY_ID) values ('523494', 'High School College and Career Readiness Score By County', '78.8', '223458');
insert into CHILD_MEASURE_CATEGORY_MASTER(CHILD_CATEGORY_ID, CHILD_CATEGORY_NAME, PERCENTAGE, COUNTY_ID) values ('523495', 'High School Graduation Rate By County', '83.4', '223458');
insert into CHILD_MEASURE_CATEGORY_MASTER(CHILD_CATEGORY_ID, CHILD_CATEGORY_NAME, PERCENTAGE, COUNTY_ID) values ('523496', 'Percent Exceeding 3rd Grade Reading Standard By County', '58.6', '223458');
insert into CHILD_MEASURE_CATEGORY_MASTER(CHILD_CATEGORY_ID, CHILD_CATEGORY_NAME, PERCENTAGE, COUNTY_ID) values ('523497', 'Percent Exceeding 8th Grade Math Standard By County', '47.5', '223458');
insert into CHILD_MEASURE_CATEGORY_MASTER(CHILD_CATEGORY_ID, CHILD_CATEGORY_NAME, PERCENTAGE, COUNTY_ID) values ('523498', 'Percent Low Birth Weight Births By County', '7.4', '223458');
insert into CHILD_MEASURE_CATEGORY_MASTER(CHILD_CATEGORY_ID, CHILD_CATEGORY_NAME, PERCENTAGE, COUNTY_ID) values ('523499', 'Percent Children Without Health Insurance By County', '9.0', '223458');
insert into CHILD_MEASURE_CATEGORY_MASTER(CHILD_CATEGORY_ID, CHILD_CATEGORY_NAME, PERCENTAGE, COUNTY_ID) values ('523500', 'Percent Children in Poverty By County', '13.2', '223458');

insert into CHILD_MEASURE_CATEGORY_MASTER(CHILD_CATEGORY_ID, CHILD_CATEGORY_NAME, PERCENTAGE, COUNTY_ID) values ('523501', 'High School College and Career Readiness Score By County', '58.2', '223459');
insert into CHILD_MEASURE_CATEGORY_MASTER(CHILD_CATEGORY_ID, CHILD_CATEGORY_NAME, PERCENTAGE, COUNTY_ID) values ('523502', 'High School Graduation Rate By County', '61.3', '223458');
insert into CHILD_MEASURE_CATEGORY_MASTER(CHILD_CATEGORY_ID, CHILD_CATEGORY_NAME, PERCENTAGE, COUNTY_ID) values ('523503', 'Percent Exceeding 3rd Grade Reading Standard By County', '30.0', '223459');
insert into CHILD_MEASURE_CATEGORY_MASTER(CHILD_CATEGORY_ID, CHILD_CATEGORY_NAME, PERCENTAGE, COUNTY_ID) values ('523504', 'Percent Exceeding 8th Grade Math Standard By County', '18.6', '223459');
insert into CHILD_MEASURE_CATEGORY_MASTER(CHILD_CATEGORY_ID, CHILD_CATEGORY_NAME, PERCENTAGE, COUNTY_ID) values ('523505', 'Percent Low Birth Weight Births By County', '10.9', '223459');
insert into CHILD_MEASURE_CATEGORY_MASTER(CHILD_CATEGORY_ID, CHILD_CATEGORY_NAME, PERCENTAGE, COUNTY_ID) values ('523506', 'Percent Children Without Health Insurance By County', '15.1', '223459');
insert into CHILD_MEASURE_CATEGORY_MASTER(CHILD_CATEGORY_ID, CHILD_CATEGORY_NAME, PERCENTAGE, COUNTY_ID) values ('523507', 'Percent Children in Poverty By County', '35.1', '223459');

insert into CHILD_MEASURE_CATEGORY_MASTER(CHILD_CATEGORY_ID, CHILD_CATEGORY_NAME, PERCENTAGE, COUNTY_ID) values ('523480', 'High School College and Career Readiness Score By County', '74.3', '223460');
insert into CHILD_MEASURE_CATEGORY_MASTER(CHILD_CATEGORY_ID, CHILD_CATEGORY_NAME, PERCENTAGE, COUNTY_ID) values ('523481', 'High School Graduation Rate By County', '76.5', '223460');
insert into CHILD_MEASURE_CATEGORY_MASTER(CHILD_CATEGORY_ID, CHILD_CATEGORY_NAME, PERCENTAGE, COUNTY_ID) values ('523482', 'Percent Exceeding 3rd Grade Reading Standard By County', '53.6', '223460');
insert into CHILD_MEASURE_CATEGORY_MASTER(CHILD_CATEGORY_ID, CHILD_CATEGORY_NAME, PERCENTAGE, COUNTY_ID) values ('523483', 'Percent Exceeding 8th Grade Math Standard By County', '37.3', '223460');
insert into CHILD_MEASURE_CATEGORY_MASTER(CHILD_CATEGORY_ID, CHILD_CATEGORY_NAME, PERCENTAGE, COUNTY_ID) values ('523484', 'Percent Low Birth Weight Births By County', '8.2', '223460');
insert into CHILD_MEASURE_CATEGORY_MASTER(CHILD_CATEGORY_ID, CHILD_CATEGORY_NAME, PERCENTAGE, COUNTY_ID) values ('523485', 'Percent Children Without Health Insurance By County', '10.9', '223460');
insert into CHILD_MEASURE_CATEGORY_MASTER(CHILD_CATEGORY_ID, CHILD_CATEGORY_NAME, PERCENTAGE, COUNTY_ID) values ('523486', 'Percent Children in Poverty By County', '18.0', '223460');

insert into CHILD_MEASURE_CATEGORY_MASTER(CHILD_CATEGORY_ID, CHILD_CATEGORY_NAME, PERCENTAGE, COUNTY_ID) values ('523508', 'High School College and Career Readiness Score By County', '72.3', '223461');
insert into CHILD_MEASURE_CATEGORY_MASTER(CHILD_CATEGORY_ID, CHILD_CATEGORY_NAME, PERCENTAGE, COUNTY_ID) values ('523509', 'High School Graduation Rate By County', '82.1', '223461');
insert into CHILD_MEASURE_CATEGORY_MASTER(CHILD_CATEGORY_ID, CHILD_CATEGORY_NAME, PERCENTAGE, COUNTY_ID) values ('523510', 'Percent Exceeding 3rd Grade Reading Standard By County', '51.0', '223461');
insert into CHILD_MEASURE_CATEGORY_MASTER(CHILD_CATEGORY_ID, CHILD_CATEGORY_NAME, PERCENTAGE, COUNTY_ID) values ('523511', 'Percent Exceeding 8th Grade Math Standard By County', '37.3', '223461');
insert into CHILD_MEASURE_CATEGORY_MASTER(CHILD_CATEGORY_ID, CHILD_CATEGORY_NAME, PERCENTAGE, COUNTY_ID) values ('523512', 'Percent Low Birth Weight Births By County', '7.2', '223461');
insert into CHILD_MEASURE_CATEGORY_MASTER(CHILD_CATEGORY_ID, CHILD_CATEGORY_NAME, PERCENTAGE, COUNTY_ID) values ('523513', 'Percent Children Without Health Insurance By County', '7.2', '223461');
insert into CHILD_MEASURE_CATEGORY_MASTER(CHILD_CATEGORY_ID, CHILD_CATEGORY_NAME, PERCENTAGE, COUNTY_ID) values ('523514', 'Percent Children in Poverty By County', '17.8', '223461');

insert into CHILD_MEASURE_CATEGORY_MASTER(CHILD_CATEGORY_ID, CHILD_CATEGORY_NAME, PERCENTAGE, COUNTY_ID) values ('523515', 'High School College and Career Readiness Score By County', '63.8', '223462');
insert into CHILD_MEASURE_CATEGORY_MASTER(CHILD_CATEGORY_ID, CHILD_CATEGORY_NAME, PERCENTAGE, COUNTY_ID) values ('523516', 'High School Graduation Rate By County', '67.7', '223462');
insert into CHILD_MEASURE_CATEGORY_MASTER(CHILD_CATEGORY_ID, CHILD_CATEGORY_NAME, PERCENTAGE, COUNTY_ID) values ('523517', 'Percent Exceeding 3rd Grade Reading Standard By County', '36.6', '223462');
insert into CHILD_MEASURE_CATEGORY_MASTER(CHILD_CATEGORY_ID, CHILD_CATEGORY_NAME, PERCENTAGE, COUNTY_ID) values ('523518', 'Percent Exceeding 8th Grade Math Standard By County', '37.2', '223462');
insert into CHILD_MEASURE_CATEGORY_MASTER(CHILD_CATEGORY_ID, CHILD_CATEGORY_NAME, PERCENTAGE, COUNTY_ID) values ('523519', 'Percent Low Birth Weight Births By County', '10.0', '223462');
insert into CHILD_MEASURE_CATEGORY_MASTER(CHILD_CATEGORY_ID, CHILD_CATEGORY_NAME, PERCENTAGE, COUNTY_ID) values ('523520', 'Percent Children Without Health Insurance By County', '11.3', '223462');
insert into CHILD_MEASURE_CATEGORY_MASTER(CHILD_CATEGORY_ID, CHILD_CATEGORY_NAME, PERCENTAGE, COUNTY_ID) values ('523521', 'Percent Children in Poverty By County', '27.7', '223462');

insert into CHILD_MEASURE_CATEGORY_MASTER(CHILD_CATEGORY_ID, CHILD_CATEGORY_NAME, PERCENTAGE, COUNTY_ID) values ('523522', 'High School College and Career Readiness Score By County', '71.0', '223463');
insert into CHILD_MEASURE_CATEGORY_MASTER(CHILD_CATEGORY_ID, CHILD_CATEGORY_NAME, PERCENTAGE, COUNTY_ID) values ('523523', 'High School Graduation Rate By County', '75.8', '223463');
insert into CHILD_MEASURE_CATEGORY_MASTER(CHILD_CATEGORY_ID, CHILD_CATEGORY_NAME, PERCENTAGE, COUNTY_ID) values ('523524', 'Percent Exceeding 3rd Grade Reading Standard By County', '45.5', '223463');
insert into CHILD_MEASURE_CATEGORY_MASTER(CHILD_CATEGORY_ID, CHILD_CATEGORY_NAME, PERCENTAGE, COUNTY_ID) values ('523525', 'Percent Exceeding 8th Grade Math Standard By County', '21.7', '223463');
insert into CHILD_MEASURE_CATEGORY_MASTER(CHILD_CATEGORY_ID, CHILD_CATEGORY_NAME, PERCENTAGE, COUNTY_ID) values ('523526', 'Percent Low Birth Weight Births By County', '8.2', '223463');
insert into CHILD_MEASURE_CATEGORY_MASTER(CHILD_CATEGORY_ID, CHILD_CATEGORY_NAME, PERCENTAGE, COUNTY_ID) values ('523527', 'Percent Children Without Health Insurance By County', '9.4', '223463');
insert into CHILD_MEASURE_CATEGORY_MASTER(CHILD_CATEGORY_ID, CHILD_CATEGORY_NAME, PERCENTAGE, COUNTY_ID) values ('523528', 'Percent Children in Poverty By County', '21.9', '223463');

insert into CHILD_MEASURE_CATEGORY_MASTER(CHILD_CATEGORY_ID, CHILD_CATEGORY_NAME, PERCENTAGE, COUNTY_ID) values ('523529', 'High School College and Career Readiness Score By County', '81.3', '223464');
insert into CHILD_MEASURE_CATEGORY_MASTER(CHILD_CATEGORY_ID, CHILD_CATEGORY_NAME, PERCENTAGE, COUNTY_ID) values ('523530', 'High School Graduation Rate By County', '89.2', '223464');
insert into CHILD_MEASURE_CATEGORY_MASTER(CHILD_CATEGORY_ID, CHILD_CATEGORY_NAME, PERCENTAGE, COUNTY_ID) values ('523531', 'Percent Exceeding 3rd Grade Reading Standard By County', '64.9', '223464');
insert into CHILD_MEASURE_CATEGORY_MASTER(CHILD_CATEGORY_ID, CHILD_CATEGORY_NAME, PERCENTAGE, COUNTY_ID) values ('523532', 'Percent Exceeding 8th Grade Math Standard By County', '24.2', '223464');
insert into CHILD_MEASURE_CATEGORY_MASTER(CHILD_CATEGORY_ID, CHILD_CATEGORY_NAME, PERCENTAGE, COUNTY_ID) values ('523533', 'Percent Low Birth Weight Births By County', '9.4', '223464');
insert into CHILD_MEASURE_CATEGORY_MASTER(CHILD_CATEGORY_ID, CHILD_CATEGORY_NAME, PERCENTAGE, COUNTY_ID) values ('523534', 'Percent Children Without Health Insurance By County', '6.0', '223464');
insert into CHILD_MEASURE_CATEGORY_MASTER(CHILD_CATEGORY_ID, CHILD_CATEGORY_NAME, PERCENTAGE, COUNTY_ID) values ('523535', 'Percent Children in Poverty By County', '10.8', '223464');

insert into CHILD_MEASURE_CATEGORY_MASTER(CHILD_CATEGORY_ID, CHILD_CATEGORY_NAME, PERCENTAGE, COUNTY_ID) values ('523536', 'High School College and Career Readiness Score By County', '69.0', '223465');
insert into CHILD_MEASURE_CATEGORY_MASTER(CHILD_CATEGORY_ID, CHILD_CATEGORY_NAME, PERCENTAGE, COUNTY_ID) values ('523537', 'High School Graduation Rate By County', '74.3', '223464');
insert into CHILD_MEASURE_CATEGORY_MASTER(CHILD_CATEGORY_ID, CHILD_CATEGORY_NAME, PERCENTAGE, COUNTY_ID) values ('523538', 'Percent Exceeding 3rd Grade Reading Standard By County', '44.5', '223465');
insert into CHILD_MEASURE_CATEGORY_MASTER(CHILD_CATEGORY_ID, CHILD_CATEGORY_NAME, PERCENTAGE, COUNTY_ID) values ('523539', 'Percent Exceeding 8th Grade Math Standard By County', '56.0', '223465');
insert into CHILD_MEASURE_CATEGORY_MASTER(CHILD_CATEGORY_ID, CHILD_CATEGORY_NAME, PERCENTAGE, COUNTY_ID) values ('523540', 'Percent Low Birth Weight Births By County', '8.0', '223465');
insert into CHILD_MEASURE_CATEGORY_MASTER(CHILD_CATEGORY_ID, CHILD_CATEGORY_NAME, PERCENTAGE, COUNTY_ID) values ('523541', 'Percent Children Without Health Insurance By County', '9.9', '223465');
insert into CHILD_MEASURE_CATEGORY_MASTER(CHILD_CATEGORY_ID, CHILD_CATEGORY_NAME, PERCENTAGE, COUNTY_ID) values ('523542', 'Percent Children in Poverty By County', '30.0', '223465');

insert into CHILD_MEASURE_CATEGORY_MASTER(CHILD_CATEGORY_ID, CHILD_CATEGORY_NAME, PERCENTAGE, COUNTY_ID) values ('523543', 'High School College and Career Readiness Score By County', '75.4', '223466');
insert into CHILD_MEASURE_CATEGORY_MASTER(CHILD_CATEGORY_ID, CHILD_CATEGORY_NAME, PERCENTAGE, COUNTY_ID) values ('523544', 'High School Graduation Rate By County', '75.4', '223466');
insert into CHILD_MEASURE_CATEGORY_MASTER(CHILD_CATEGORY_ID, CHILD_CATEGORY_NAME, PERCENTAGE, COUNTY_ID) values ('523545', 'Percent Exceeding 3rd Grade Reading Standard By County', '52.8', '223466');
insert into CHILD_MEASURE_CATEGORY_MASTER(CHILD_CATEGORY_ID, CHILD_CATEGORY_NAME, PERCENTAGE, COUNTY_ID) values ('523546', 'Percent Exceeding 8th Grade Math Standard By County', '32.1', '223466');
insert into CHILD_MEASURE_CATEGORY_MASTER(CHILD_CATEGORY_ID, CHILD_CATEGORY_NAME, PERCENTAGE, COUNTY_ID) values ('523547', 'Percent Low Birth Weight Births By County', '10.6', '223466');
insert into CHILD_MEASURE_CATEGORY_MASTER(CHILD_CATEGORY_ID, CHILD_CATEGORY_NAME, PERCENTAGE, COUNTY_ID) values ('523548', 'Percent Children Without Health Insurance By County', '13.7', '223466');
insert into CHILD_MEASURE_CATEGORY_MASTER(CHILD_CATEGORY_ID, CHILD_CATEGORY_NAME, PERCENTAGE, COUNTY_ID) values ('523549', 'Percent Children in Poverty By County', '21.0', '223466');

insert into CHILD_MEASURE_CATEGORY_MASTER(CHILD_CATEGORY_ID, CHILD_CATEGORY_NAME, PERCENTAGE, COUNTY_ID) values ('523550', 'High School College and Career Readiness Score By County', '68.5', '223467');
insert into CHILD_MEASURE_CATEGORY_MASTER(CHILD_CATEGORY_ID, CHILD_CATEGORY_NAME, PERCENTAGE, COUNTY_ID) values ('523551', 'High School Graduation Rate By County', '79.5', '223467');
insert into CHILD_MEASURE_CATEGORY_MASTER(CHILD_CATEGORY_ID, CHILD_CATEGORY_NAME, PERCENTAGE, COUNTY_ID) values ('523552', 'Percent Exceeding 3rd Grade Reading Standard By County', '43.9', '223467');
insert into CHILD_MEASURE_CATEGORY_MASTER(CHILD_CATEGORY_ID, CHILD_CATEGORY_NAME, PERCENTAGE, COUNTY_ID) values ('523553', 'Percent Exceeding 8th Grade Math Standard By County', '47.6', '223467');
insert into CHILD_MEASURE_CATEGORY_MASTER(CHILD_CATEGORY_ID, CHILD_CATEGORY_NAME, PERCENTAGE, COUNTY_ID) values ('523554', 'Percent Low Birth Weight Births By County', '7.8', '223467');
insert into CHILD_MEASURE_CATEGORY_MASTER(CHILD_CATEGORY_ID, CHILD_CATEGORY_NAME, PERCENTAGE, COUNTY_ID) values ('523555', 'Percent Children Without Health Insurance By County', '8.7', '223467');
insert into CHILD_MEASURE_CATEGORY_MASTER(CHILD_CATEGORY_ID, CHILD_CATEGORY_NAME, PERCENTAGE, COUNTY_ID) values ('523556', 'Percent Children in Poverty By County', '15.5', '223467');


insert into CHILD_MEASURE_CATEGORY_MASTER(CHILD_CATEGORY_ID, CHILD_CATEGORY_NAME, PERCENTAGE, COUNTY_ID) values ('523557', 'High School College and Career Readiness Score By County', '69.6', '223468');
insert into CHILD_MEASURE_CATEGORY_MASTER(CHILD_CATEGORY_ID, CHILD_CATEGORY_NAME, PERCENTAGE, COUNTY_ID) values ('523558', 'High School Graduation Rate By County', '77.6', '223468');
insert into CHILD_MEASURE_CATEGORY_MASTER(CHILD_CATEGORY_ID, CHILD_CATEGORY_NAME, PERCENTAGE, COUNTY_ID) values ('523559', 'Percent Exceeding 3rd Grade Reading Standard By County', '50.4', '223468');
insert into CHILD_MEASURE_CATEGORY_MASTER(CHILD_CATEGORY_ID, CHILD_CATEGORY_NAME, PERCENTAGE, COUNTY_ID) values ('523560', 'Percent Exceeding 8th Grade Math Standard By County', '29.1', '223468');
insert into CHILD_MEASURE_CATEGORY_MASTER(CHILD_CATEGORY_ID, CHILD_CATEGORY_NAME, PERCENTAGE, COUNTY_ID) values ('523561', 'Percent Low Birth Weight Births By County', '8.8', '223468');
insert into CHILD_MEASURE_CATEGORY_MASTER(CHILD_CATEGORY_ID, CHILD_CATEGORY_NAME, PERCENTAGE, COUNTY_ID) values ('523562', 'Percent Children Without Health Insurance By County', '7.9', '223468');
insert into CHILD_MEASURE_CATEGORY_MASTER(CHILD_CATEGORY_ID, CHILD_CATEGORY_NAME, PERCENTAGE, COUNTY_ID) values ('523563', 'Percent Children in Poverty By County', '13.1', '223468');


insert into CHILD_MEASURE_CATEGORY_MASTER(CHILD_CATEGORY_ID, CHILD_CATEGORY_NAME, PERCENTAGE, COUNTY_ID) values ('523564', 'High School College and Career Readiness Score By County', '65.5', '223469');
insert into CHILD_MEASURE_CATEGORY_MASTER(CHILD_CATEGORY_ID, CHILD_CATEGORY_NAME, PERCENTAGE, COUNTY_ID) values ('523565', 'High School Graduation Rate By County', '78.2', '223469');
insert into CHILD_MEASURE_CATEGORY_MASTER(CHILD_CATEGORY_ID, CHILD_CATEGORY_NAME, PERCENTAGE, COUNTY_ID) values ('523566', 'Percent Exceeding 3rd Grade Reading Standard By County', '44.7', '223469');
insert into CHILD_MEASURE_CATEGORY_MASTER(CHILD_CATEGORY_ID, CHILD_CATEGORY_NAME, PERCENTAGE, COUNTY_ID) values ('523567', 'Percent Exceeding 8th Grade Math Standard By County', '35.6', '223469');
insert into CHILD_MEASURE_CATEGORY_MASTER(CHILD_CATEGORY_ID, CHILD_CATEGORY_NAME, PERCENTAGE, COUNTY_ID) values ('523568', 'Percent Low Birth Weight Births By County', '9.8', '223469');
insert into CHILD_MEASURE_CATEGORY_MASTER(CHILD_CATEGORY_ID, CHILD_CATEGORY_NAME, PERCENTAGE, COUNTY_ID) values ('523569', 'Percent Children Without Health Insurance By County', '11.6', '223469');
insert into CHILD_MEASURE_CATEGORY_MASTER(CHILD_CATEGORY_ID, CHILD_CATEGORY_NAME, PERCENTAGE, COUNTY_ID) values ('523570', 'Percent Children in Poverty By County', '20.8', '223469');



insert into FAMILY_MEASURE_CATEGORY_MASTER(FAMILY_CATEGORY_ID, FAMILY_CATEGORY_NAME, PERCENTAGE, COUNTY_ID) values ('523571', 'Percent Family Not Financially Stable By County', '31.2', '223469');
insert into FAMILY_MEASURE_CATEGORY_MASTER(FAMILY_CATEGORY_ID, FAMILY_CATEGORY_NAME, PERCENTAGE, COUNTY_ID) values ('523572', 'Percent Cost Burdened Household By County', '37.0', '223469');
insert into FAMILY_MEASURE_CATEGORY_MASTER(FAMILY_CATEGORY_ID, FAMILY_CATEGORY_NAME, PERCENTAGE, COUNTY_ID) values ('523573', 'Percent Births To Moms With No High School Diploma By County', '18.6', '223469');

insert into FAMILY_MEASURE_CATEGORY_MASTER(FAMILY_CATEGORY_ID, FAMILY_CATEGORY_NAME, PERCENTAGE, COUNTY_ID) values ('523574', 'Percent Family Not Financially Stable By County', '22.9', '223468');
insert into FAMILY_MEASURE_CATEGORY_MASTER(FAMILY_CATEGORY_ID, FAMILY_CATEGORY_NAME, PERCENTAGE, COUNTY_ID) values ('523575', 'Percent Cost Burdened Household By County', '30.7', '223468');
insert into FAMILY_MEASURE_CATEGORY_MASTER(FAMILY_CATEGORY_ID, FAMILY_CATEGORY_NAME, PERCENTAGE, COUNTY_ID) values ('523576', 'Percent Births To Moms With No High School Diploma By County', '11.0', '223468');


insert into FAMILY_MEASURE_CATEGORY_MASTER(FAMILY_CATEGORY_ID, FAMILY_CATEGORY_NAME, PERCENTAGE, COUNTY_ID) values ('523577', 'Percent Family Not Financially Stable By County', '24.2', '223467');
insert into FAMILY_MEASURE_CATEGORY_MASTER(FAMILY_CATEGORY_ID, FAMILY_CATEGORY_NAME, PERCENTAGE, COUNTY_ID) values ('523578', 'Percent Cost Burdened Household By County', '35.3', '223467');
insert into FAMILY_MEASURE_CATEGORY_MASTER(FAMILY_CATEGORY_ID, FAMILY_CATEGORY_NAME, PERCENTAGE, COUNTY_ID) values ('523579', 'Percent Births To Moms With No High School Diploma By County', '15.1', '223467');


insert into FAMILY_MEASURE_CATEGORY_MASTER(FAMILY_CATEGORY_ID, FAMILY_CATEGORY_NAME, PERCENTAGE, COUNTY_ID) values ('523580', 'Percent Family Not Financially Stable By County', '31.5', '223466');
insert into FAMILY_MEASURE_CATEGORY_MASTER(FAMILY_CATEGORY_ID, FAMILY_CATEGORY_NAME, PERCENTAGE, COUNTY_ID) values ('523581', 'Percent Cost Burdened Household By County', '38.8', '223466');
insert into FAMILY_MEASURE_CATEGORY_MASTER(FAMILY_CATEGORY_ID, FAMILY_CATEGORY_NAME, PERCENTAGE, COUNTY_ID) values ('523582', 'Percent Births To Moms With No High School Diploma By County', '14.5', '223466');


insert into FAMILY_MEASURE_CATEGORY_MASTER(FAMILY_CATEGORY_ID, FAMILY_CATEGORY_NAME, PERCENTAGE, COUNTY_ID) values ('523583', 'Percent Family Not Financially Stable By County', '34.2', '223465');
insert into FAMILY_MEASURE_CATEGORY_MASTER(FAMILY_CATEGORY_ID, FAMILY_CATEGORY_NAME, PERCENTAGE, COUNTY_ID) values ('523584', 'Percent Cost Burdened Household By County', '41.5', '223465');
insert into FAMILY_MEASURE_CATEGORY_MASTER(FAMILY_CATEGORY_ID, FAMILY_CATEGORY_NAME, PERCENTAGE, COUNTY_ID) values ('523609', 'Percent Births To Moms With No High School Diploma By County', '7.6', '223465');


insert into FAMILY_MEASURE_CATEGORY_MASTER(FAMILY_CATEGORY_ID, FAMILY_CATEGORY_NAME, PERCENTAGE, COUNTY_ID) values ('523585', 'Percent Family Not Financially Stable By County', '14.6', '223464');
insert into FAMILY_MEASURE_CATEGORY_MASTER(FAMILY_CATEGORY_ID, FAMILY_CATEGORY_NAME, PERCENTAGE, COUNTY_ID) values ('523586', 'Percent Cost Burdened Household By County', '29.7', '223464');
insert into FAMILY_MEASURE_CATEGORY_MASTER(FAMILY_CATEGORY_ID, FAMILY_CATEGORY_NAME, PERCENTAGE, COUNTY_ID) values ('523587', 'Percent Births To Moms With No High School Diploma By County', '13.4', '223464');


insert into FAMILY_MEASURE_CATEGORY_MASTER(FAMILY_CATEGORY_ID, FAMILY_CATEGORY_NAME, PERCENTAGE, COUNTY_ID) values ('523588', 'Percent Family Not Financially Stable By County', '30.1', '223463');
insert into FAMILY_MEASURE_CATEGORY_MASTER(FAMILY_CATEGORY_ID, FAMILY_CATEGORY_NAME, PERCENTAGE, COUNTY_ID) values ('523589', 'Percent Cost Burdened Household By County', '36.1', '223463');
insert into FAMILY_MEASURE_CATEGORY_MASTER(FAMILY_CATEGORY_ID, FAMILY_CATEGORY_NAME, PERCENTAGE, COUNTY_ID) values ('523590', 'Percent Births To Moms With No High School Diploma By County', '15.0', '223463');

insert into FAMILY_MEASURE_CATEGORY_MASTER(FAMILY_CATEGORY_ID, FAMILY_CATEGORY_NAME, PERCENTAGE, COUNTY_ID) values ('523591', 'Percent Family Not Financially Stable By County', '32.8', '223462');
insert into FAMILY_MEASURE_CATEGORY_MASTER(FAMILY_CATEGORY_ID, FAMILY_CATEGORY_NAME, PERCENTAGE, COUNTY_ID) values ('523592', 'Percent Cost Burdened Household By County', '41.3', '223462');
insert into FAMILY_MEASURE_CATEGORY_MASTER(FAMILY_CATEGORY_ID, FAMILY_CATEGORY_NAME, PERCENTAGE, COUNTY_ID) values ('523593', 'Percent Births To Moms With No High School Diploma By County', '10.6', '223462');

insert into FAMILY_MEASURE_CATEGORY_MASTER(FAMILY_CATEGORY_ID, FAMILY_CATEGORY_NAME, PERCENTAGE, COUNTY_ID) values ('523594', 'Percent Family Not Financially Stable By County', '24.0', '223461');
insert into FAMILY_MEASURE_CATEGORY_MASTER(FAMILY_CATEGORY_ID, FAMILY_CATEGORY_NAME, PERCENTAGE, COUNTY_ID) values ('523595', 'Percent Cost Burdened Household By County', '30.6', '223461');
insert into FAMILY_MEASURE_CATEGORY_MASTER(FAMILY_CATEGORY_ID, FAMILY_CATEGORY_NAME, PERCENTAGE, COUNTY_ID) values ('523596', 'Percent Births To Moms With No High School Diploma By County', '10.3', '223461');

insert into FAMILY_MEASURE_CATEGORY_MASTER(FAMILY_CATEGORY_ID, FAMILY_CATEGORY_NAME, PERCENTAGE, COUNTY_ID) values ('523597', 'Percent Family Not Financially Stable By County', '24.7', '223460');
insert into FAMILY_MEASURE_CATEGORY_MASTER(FAMILY_CATEGORY_ID, FAMILY_CATEGORY_NAME, PERCENTAGE, COUNTY_ID) values ('523598', 'Percent Cost Burdened Household By County', '33.4', '223460');
insert into FAMILY_MEASURE_CATEGORY_MASTER(FAMILY_CATEGORY_ID, FAMILY_CATEGORY_NAME, PERCENTAGE, COUNTY_ID) values ('523599', 'Percent Births To Moms With No High School Diploma By County', '23.4', '223460');

insert into FAMILY_MEASURE_CATEGORY_MASTER(FAMILY_CATEGORY_ID, FAMILY_CATEGORY_NAME, PERCENTAGE, COUNTY_ID) values ('523600', 'Percent Family Not Financially Stable By County', '45.8', '223459');
insert into FAMILY_MEASURE_CATEGORY_MASTER(FAMILY_CATEGORY_ID, FAMILY_CATEGORY_NAME, PERCENTAGE, COUNTY_ID) values ('523601', 'Percent Cost Burdened Household By County', '45.5', '223459');
insert into FAMILY_MEASURE_CATEGORY_MASTER(FAMILY_CATEGORY_ID, FAMILY_CATEGORY_NAME, PERCENTAGE, COUNTY_ID) values ('523602', 'Percent Births To Moms With No High School Diploma By County', '7.7', '223459');

insert into FAMILY_MEASURE_CATEGORY_MASTER(FAMILY_CATEGORY_ID, FAMILY_CATEGORY_NAME, PERCENTAGE, COUNTY_ID) values ('523603', 'Percent Family Not Financially Stable By County', '21.1', '223458');
insert into FAMILY_MEASURE_CATEGORY_MASTER(FAMILY_CATEGORY_ID, FAMILY_CATEGORY_NAME, PERCENTAGE, COUNTY_ID) values ('523604', 'Percent Cost Burdened Household By County', '33.2', '223458');
insert into FAMILY_MEASURE_CATEGORY_MASTER(FAMILY_CATEGORY_ID, FAMILY_CATEGORY_NAME, PERCENTAGE, COUNTY_ID) values ('523605', 'Percent Births To Moms With No High School Diploma By County', '19.5', '223458');

insert into FAMILY_MEASURE_CATEGORY_MASTER(FAMILY_CATEGORY_ID, FAMILY_CATEGORY_NAME, PERCENTAGE, COUNTY_ID) values ('523606', 'Percent Family Not Financially Stable By County', '29.8', '223457');
insert into FAMILY_MEASURE_CATEGORY_MASTER(FAMILY_CATEGORY_ID, FAMILY_CATEGORY_NAME, PERCENTAGE, COUNTY_ID) values ('523607', 'Percent Cost Burdened Household By County', '33.2', '223457');
insert into FAMILY_MEASURE_CATEGORY_MASTER(FAMILY_CATEGORY_ID, FAMILY_CATEGORY_NAME, PERCENTAGE, COUNTY_ID) values ('523608', 'Percent Births To Moms With No High School Diploma By County', '8.5', '223457');







insert into COMMUNITY_MEASURE_CATEGORY_MASTER(COMMUNITY_CATEGORY_ID, COMMUNITY_CATEGORY_NAME, PERCENTAGE, COUNTY_ID) values ('523610', 'Percent Enrolled In Post-Secondary Education By County', '68.0', '223457');
insert into COMMUNITY_MEASURE_CATEGORY_MASTER(COMMUNITY_CATEGORY_ID, COMMUNITY_CATEGORY_NAME, PERCENTAGE, COUNTY_ID) values ('523611', 'Percent Adults With No High School Diploma By County', '25.4', '223457');
insert into COMMUNITY_MEASURE_CATEGORY_MASTER(COMMUNITY_CATEGORY_ID, COMMUNITY_CATEGORY_NAME, PERCENTAGE, COUNTY_ID) values ('523612', 'Percent Adults Without Health Insurance By County', '22.6', '223457');
insert into COMMUNITY_MEASURE_CATEGORY_MASTER(COMMUNITY_CATEGORY_ID, COMMUNITY_CATEGORY_NAME, PERCENTAGE, COUNTY_ID) values ('523613', 'Unemployment Rate By County', '13.0', '223457');

insert into COMMUNITY_MEASURE_CATEGORY_MASTER(COMMUNITY_CATEGORY_ID, COMMUNITY_CATEGORY_NAME, PERCENTAGE, COUNTY_ID) values ('523614', 'Percent Enrolled In Post-Secondary Education By County', '81.4', '223458');
insert into COMMUNITY_MEASURE_CATEGORY_MASTER(COMMUNITY_CATEGORY_ID, COMMUNITY_CATEGORY_NAME, PERCENTAGE, COUNTY_ID) values ('523615', 'Percent Adults With No High School Diploma By County', '11.4', '223458');
insert into COMMUNITY_MEASURE_CATEGORY_MASTER(COMMUNITY_CATEGORY_ID, COMMUNITY_CATEGORY_NAME, PERCENTAGE, COUNTY_ID) values ('523616', 'Percent Adults Without Health Insurance By County', '18.8', '223458');
insert into COMMUNITY_MEASURE_CATEGORY_MASTER(COMMUNITY_CATEGORY_ID, COMMUNITY_CATEGORY_NAME, PERCENTAGE, COUNTY_ID) values ('523617', 'Unemployment Rate By County', '8.2', '223458');

insert into COMMUNITY_MEASURE_CATEGORY_MASTER(COMMUNITY_CATEGORY_ID, COMMUNITY_CATEGORY_NAME, PERCENTAGE, COUNTY_ID) values ('523618', 'Percent Enrolled In Post-Secondary Education By County', '63.9', '223459');
insert into COMMUNITY_MEASURE_CATEGORY_MASTER(COMMUNITY_CATEGORY_ID, COMMUNITY_CATEGORY_NAME, PERCENTAGE, COUNTY_ID) values ('523619', 'Percent Adults With No High School Diploma By County', '19.8', '223459');
insert into COMMUNITY_MEASURE_CATEGORY_MASTER(COMMUNITY_CATEGORY_ID, COMMUNITY_CATEGORY_NAME, PERCENTAGE, COUNTY_ID) values ('523620', 'Percent Adults Without Health Insurance By County', '32.9', '223459');
insert into COMMUNITY_MEASURE_CATEGORY_MASTER(COMMUNITY_CATEGORY_ID, COMMUNITY_CATEGORY_NAME, PERCENTAGE, COUNTY_ID) values ('523621', 'Unemployment Rate By County', '16.9', '223459');

insert into COMMUNITY_MEASURE_CATEGORY_MASTER(COMMUNITY_CATEGORY_ID, COMMUNITY_CATEGORY_NAME, PERCENTAGE, COUNTY_ID) values ('523622', 'Percent Enrolled In Post-Secondary Education By County', '78.9', '223460');
insert into COMMUNITY_MEASURE_CATEGORY_MASTER(COMMUNITY_CATEGORY_ID, COMMUNITY_CATEGORY_NAME, PERCENTAGE, COUNTY_ID) values ('523623', 'Percent Adults With No High School Diploma By County', '9.3', '223460');
insert into COMMUNITY_MEASURE_CATEGORY_MASTER(COMMUNITY_CATEGORY_ID, COMMUNITY_CATEGORY_NAME, PERCENTAGE, COUNTY_ID) values ('523624', 'Percent Adults Without Health Insurance By County', '21.2', '223460');
insert into COMMUNITY_MEASURE_CATEGORY_MASTER(COMMUNITY_CATEGORY_ID, COMMUNITY_CATEGORY_NAME, PERCENTAGE, COUNTY_ID) values ('523625', 'Unemployment Rate By County', '9.6', '223460');

insert into COMMUNITY_MEASURE_CATEGORY_MASTER(COMMUNITY_CATEGORY_ID, COMMUNITY_CATEGORY_NAME, PERCENTAGE, COUNTY_ID) values ('523626', 'Percent Enrolled In Post-Secondary Education By County', '70.2', '223461');
insert into COMMUNITY_MEASURE_CATEGORY_MASTER(COMMUNITY_CATEGORY_ID, COMMUNITY_CATEGORY_NAME, PERCENTAGE, COUNTY_ID) values ('523627', 'Percent Adults With No High School Diploma By County', '12.0', '223461');
insert into COMMUNITY_MEASURE_CATEGORY_MASTER(COMMUNITY_CATEGORY_ID, COMMUNITY_CATEGORY_NAME, PERCENTAGE, COUNTY_ID) values ('523628', 'Percent Adults Without Health Insurance By County', '15.5', '223461');
insert into COMMUNITY_MEASURE_CATEGORY_MASTER(COMMUNITY_CATEGORY_ID, COMMUNITY_CATEGORY_NAME, PERCENTAGE, COUNTY_ID) values ('523629', 'Unemployment Rate By County', '8.6', '223461');

insert into COMMUNITY_MEASURE_CATEGORY_MASTER(COMMUNITY_CATEGORY_ID, COMMUNITY_CATEGORY_NAME, PERCENTAGE, COUNTY_ID) values ('523630', 'Percent Enrolled In Post-Secondary Education By County', '72.0', '223462');
insert into COMMUNITY_MEASURE_CATEGORY_MASTER(COMMUNITY_CATEGORY_ID, COMMUNITY_CATEGORY_NAME, PERCENTAGE, COUNTY_ID) values ('523631', 'Percent Adults With No High School Diploma By County', '12.4', '223462');
insert into COMMUNITY_MEASURE_CATEGORY_MASTER(COMMUNITY_CATEGORY_ID, COMMUNITY_CATEGORY_NAME, PERCENTAGE, COUNTY_ID) values ('523632', 'Percent Adults Without Health Insurance By County', '25.3', '223462');
insert into COMMUNITY_MEASURE_CATEGORY_MASTER(COMMUNITY_CATEGORY_ID, COMMUNITY_CATEGORY_NAME, PERCENTAGE, COUNTY_ID) values ('523633', 'Unemployment Rate By County', '14.0', '223462');

insert into COMMUNITY_MEASURE_CATEGORY_MASTER(COMMUNITY_CATEGORY_ID, COMMUNITY_CATEGORY_NAME, PERCENTAGE, COUNTY_ID) values ('523634', 'Percent Enrolled In Post-Secondary Education By County', '72.1', '223463');
insert into COMMUNITY_MEASURE_CATEGORY_MASTER(COMMUNITY_CATEGORY_ID, COMMUNITY_CATEGORY_NAME, PERCENTAGE, COUNTY_ID) values ('523635', 'Percent Adults With No High School Diploma By County', '13.0', '223463');
insert into COMMUNITY_MEASURE_CATEGORY_MASTER(COMMUNITY_CATEGORY_ID, COMMUNITY_CATEGORY_NAME, PERCENTAGE, COUNTY_ID) values ('523636', 'Percent Adults Without Health Insurance By County', '21.3', '223463');
insert into COMMUNITY_MEASURE_CATEGORY_MASTER(COMMUNITY_CATEGORY_ID, COMMUNITY_CATEGORY_NAME, PERCENTAGE, COUNTY_ID) values ('523637', 'Unemployment Rate By County', '12.8', '223463');

insert into COMMUNITY_MEASURE_CATEGORY_MASTER(COMMUNITY_CATEGORY_ID, COMMUNITY_CATEGORY_NAME, PERCENTAGE, COUNTY_ID) values ('523638', 'Percent Enrolled In Post-Secondary Education By County', '84.5', '223464');
insert into COMMUNITY_MEASURE_CATEGORY_MASTER(COMMUNITY_CATEGORY_ID, COMMUNITY_CATEGORY_NAME, PERCENTAGE, COUNTY_ID) values ('523639', 'Percent Adults With No High School Diploma By County', '5.6', '223464');
insert into COMMUNITY_MEASURE_CATEGORY_MASTER(COMMUNITY_CATEGORY_ID, COMMUNITY_CATEGORY_NAME, PERCENTAGE, COUNTY_ID) values ('523640', 'Percent Adults Without Health Insurance By County', '10.4', '223464');
insert into COMMUNITY_MEASURE_CATEGORY_MASTER(COMMUNITY_CATEGORY_ID, COMMUNITY_CATEGORY_NAME, PERCENTAGE, COUNTY_ID) values ('523641', 'Unemployment Rate By County', '8.9', '223464');

insert into COMMUNITY_MEASURE_CATEGORY_MASTER(COMMUNITY_CATEGORY_ID, COMMUNITY_CATEGORY_NAME, PERCENTAGE, COUNTY_ID) values ('523642', 'Percent Enrolled In Post-Secondary Education By County', '75.6', '223465');
insert into COMMUNITY_MEASURE_CATEGORY_MASTER(COMMUNITY_CATEGORY_ID, COMMUNITY_CATEGORY_NAME, PERCENTAGE, COUNTY_ID) values ('523643', 'Percent Adults With No High School Diploma By County', '11.8', '223465');
insert into COMMUNITY_MEASURE_CATEGORY_MASTER(COMMUNITY_CATEGORY_ID, COMMUNITY_CATEGORY_NAME, PERCENTAGE, COUNTY_ID) values ('523644', 'Percent Adults Without Health Insurance By County', '22.7', '223465');
insert into COMMUNITY_MEASURE_CATEGORY_MASTER(COMMUNITY_CATEGORY_ID, COMMUNITY_CATEGORY_NAME, PERCENTAGE, COUNTY_ID) values ('523645', 'Unemployment Rate By County', '13.6', '223465');

insert into COMMUNITY_MEASURE_CATEGORY_MASTER(COMMUNITY_CATEGORY_ID, COMMUNITY_CATEGORY_NAME, PERCENTAGE, COUNTY_ID) values ('523646', 'Percent Enrolled In Post-Secondary Education By County', '79.7', '223466');
insert into COMMUNITY_MEASURE_CATEGORY_MASTER(COMMUNITY_CATEGORY_ID, COMMUNITY_CATEGORY_NAME, PERCENTAGE, COUNTY_ID) values ('523647', 'Percent Adults With No High School Diploma By County', '14.0', '223466');
insert into COMMUNITY_MEASURE_CATEGORY_MASTER(COMMUNITY_CATEGORY_ID, COMMUNITY_CATEGORY_NAME, PERCENTAGE, COUNTY_ID) values ('523648', 'Percent Adults Without Health Insurance By County', '27.7', '223466');
insert into COMMUNITY_MEASURE_CATEGORY_MASTER(COMMUNITY_CATEGORY_ID, COMMUNITY_CATEGORY_NAME, PERCENTAGE, COUNTY_ID) values ('523649', 'Unemployment Rate By County', '10.6', '223466');

insert into COMMUNITY_MEASURE_CATEGORY_MASTER(COMMUNITY_CATEGORY_ID, COMMUNITY_CATEGORY_NAME, PERCENTAGE, COUNTY_ID) values ('523650', 'Percent Enrolled In Post-Secondary Education By County', '70.8', '223467');
insert into COMMUNITY_MEASURE_CATEGORY_MASTER(COMMUNITY_CATEGORY_ID, COMMUNITY_CATEGORY_NAME, PERCENTAGE, COUNTY_ID) values ('523651', 'Percent Adults With No High School Diploma By County', '10.8', '223467');
insert into COMMUNITY_MEASURE_CATEGORY_MASTER(COMMUNITY_CATEGORY_ID, COMMUNITY_CATEGORY_NAME, PERCENTAGE, COUNTY_ID) values ('523652', 'Percent Adults Without Health Insurance By County', '18.5', '223467');
insert into COMMUNITY_MEASURE_CATEGORY_MASTER(COMMUNITY_CATEGORY_ID, COMMUNITY_CATEGORY_NAME, PERCENTAGE, COUNTY_ID) values ('523653', 'Unemployment Rate By County', '12.1', '223467');

insert into COMMUNITY_MEASURE_CATEGORY_MASTER(COMMUNITY_CATEGORY_ID, COMMUNITY_CATEGORY_NAME, PERCENTAGE, COUNTY_ID) values ('523654', 'Percent Enrolled In Post-Secondary Education By County', '68.6', '223468');
insert into COMMUNITY_MEASURE_CATEGORY_MASTER(COMMUNITY_CATEGORY_ID, COMMUNITY_CATEGORY_NAME, PERCENTAGE, COUNTY_ID) values ('523655', 'Percent Adults With No High School Diploma By County', '11.9', '223468');
insert into COMMUNITY_MEASURE_CATEGORY_MASTER(COMMUNITY_CATEGORY_ID, COMMUNITY_CATEGORY_NAME, PERCENTAGE, COUNTY_ID) values ('523656', 'Percent Adults Without Health Insurance By County', '16.5', '223468');
insert into COMMUNITY_MEASURE_CATEGORY_MASTER(COMMUNITY_CATEGORY_ID, COMMUNITY_CATEGORY_NAME, PERCENTAGE, COUNTY_ID) values ('523657', 'Unemployment Rate By County', '10.3', '223468');


insert into COMMUNITY_MEASURE_CATEGORY_MASTER(COMMUNITY_CATEGORY_ID, COMMUNITY_CATEGORY_NAME, PERCENTAGE, COUNTY_ID) values ('523658', 'Percent Enrolled In Post-Secondary Education By County', '70.9', '223469');
insert into COMMUNITY_MEASURE_CATEGORY_MASTER(COMMUNITY_CATEGORY_ID, COMMUNITY_CATEGORY_NAME, PERCENTAGE, COUNTY_ID) values ('523659', 'Percent Adults With No High School Diploma By County', '14.1', '223469');
insert into COMMUNITY_MEASURE_CATEGORY_MASTER(COMMUNITY_CATEGORY_ID, COMMUNITY_CATEGORY_NAME, PERCENTAGE, COUNTY_ID) values ('523660', 'Percent Adults Without Health Insurance By County', '24.7', '223469');
insert into COMMUNITY_MEASURE_CATEGORY_MASTER(COMMUNITY_CATEGORY_ID, COMMUNITY_CATEGORY_NAME, PERCENTAGE, COUNTY_ID) values ('523661', 'Unemployment Rate By County', '13.1', '223469');

insert into CHILD_MEASURE_ZIPCODE_CATEGORY_MASTER(CHILD_CATEGORY_ID, CHILD_CATEGORY_NAME, PERCENTAGE, ZIPCODE_ID) values ('400101', 'High School College and Career Readiness Score By County', '20.9', '400001');
insert into CHILD_MEASURE_ZIPCODE_CATEGORY_MASTER(CHILD_CATEGORY_ID, CHILD_CATEGORY_NAME, PERCENTAGE, ZIPCODE_ID) values ('400102', 'High School College and Career Readiness Score By County', '30.9', '400002');
insert into CHILD_MEASURE_ZIPCODE_CATEGORY_MASTER(CHILD_CATEGORY_ID, CHILD_CATEGORY_NAME, PERCENTAGE, ZIPCODE_ID) values ('400103', 'High School College and Career Readiness Score By County', '40.9', '400003');
insert into CHILD_MEASURE_ZIPCODE_CATEGORY_MASTER(CHILD_CATEGORY_ID, CHILD_CATEGORY_NAME, PERCENTAGE, ZIPCODE_ID) values ('400104', 'High School College and Career Readiness Score By County', '50.9', '400004');
insert into CHILD_MEASURE_ZIPCODE_CATEGORY_MASTER(CHILD_CATEGORY_ID, CHILD_CATEGORY_NAME, PERCENTAGE, ZIPCODE_ID) values ('400105', 'High School College and Career Readiness Score By County', '60.9', '400005');
insert into CHILD_MEASURE_ZIPCODE_CATEGORY_MASTER(CHILD_CATEGORY_ID, CHILD_CATEGORY_NAME, PERCENTAGE, ZIPCODE_ID) values ('400106', 'High School College and Career Readiness Score By County', '55.5', '400006');
insert into CHILD_MEASURE_ZIPCODE_CATEGORY_MASTER(CHILD_CATEGORY_ID, CHILD_CATEGORY_NAME, PERCENTAGE, ZIPCODE_ID) values ('400107', 'High School College and Career Readiness Score By County', '45.5', '400007');

insert into FAMILY_MEASURE_ZIPCODE_CATEGORY_MASTER(FAMILY_CATEGORY_ID, FAMILY_CATEGORY_NAME, PERCENTAGE, ZIPCODE_ID) values ('500101', 'Percent Family Not Financially Stable By County', '31.2', '400001');
insert into FAMILY_MEASURE_ZIPCODE_CATEGORY_MASTER(FAMILY_CATEGORY_ID, FAMILY_CATEGORY_NAME, PERCENTAGE, ZIPCODE_ID) values ('500102', 'Percent Family Not Financially Stable By County', '21.2', '400002');
insert into FAMILY_MEASURE_ZIPCODE_CATEGORY_MASTER(FAMILY_CATEGORY_ID, FAMILY_CATEGORY_NAME, PERCENTAGE, ZIPCODE_ID) values ('500103', 'Percent Family Not Financially Stable By County', '51.2', '400003');
insert into FAMILY_MEASURE_ZIPCODE_CATEGORY_MASTER(FAMILY_CATEGORY_ID, FAMILY_CATEGORY_NAME, PERCENTAGE, ZIPCODE_ID) values ('500104', 'Percent Family Not Financially Stable By County', '35.2', '400004');
insert into FAMILY_MEASURE_ZIPCODE_CATEGORY_MASTER(FAMILY_CATEGORY_ID, FAMILY_CATEGORY_NAME, PERCENTAGE, ZIPCODE_ID) values ('500105', 'Percent Family Not Financially Stable By County', '38.6', '400005');
insert into FAMILY_MEASURE_ZIPCODE_CATEGORY_MASTER(FAMILY_CATEGORY_ID, FAMILY_CATEGORY_NAME, PERCENTAGE, ZIPCODE_ID) values ('500106', 'Percent Family Not Financially Stable By County', '39.0', '400006');
insert into FAMILY_MEASURE_ZIPCODE_CATEGORY_MASTER(FAMILY_CATEGORY_ID, FAMILY_CATEGORY_NAME, PERCENTAGE, ZIPCODE_ID) values ('500107', 'Percent Family Not Financially Stable By County', '39.0', '400007');

insert into COMMUNITY_MEASURE_ZIPCODE_CATEGORY_MASTER(COMMUNITY_CATEGORY_ID, COMMUNITY_CATEGORY_NAME, PERCENTAGE, ZIPCODE_ID) values ('600101', 'Percent Enrolled In Post-Secondary Education By County', '22.9', '400001');
insert into COMMUNITY_MEASURE_ZIPCODE_CATEGORY_MASTER(COMMUNITY_CATEGORY_ID, COMMUNITY_CATEGORY_NAME, PERCENTAGE, ZIPCODE_ID) values ('600102', 'Percent Enrolled In Post-Secondary Education By County', '32.1', '400002');
insert into COMMUNITY_MEASURE_ZIPCODE_CATEGORY_MASTER(COMMUNITY_CATEGORY_ID, COMMUNITY_CATEGORY_NAME, PERCENTAGE, ZIPCODE_ID) values ('600103', 'Percent Enrolled In Post-Secondary Education By County', '42.5', '400003');
insert into COMMUNITY_MEASURE_ZIPCODE_CATEGORY_MASTER(COMMUNITY_CATEGORY_ID, COMMUNITY_CATEGORY_NAME, PERCENTAGE, ZIPCODE_ID) values ('600104', 'Percent Enrolled In Post-Secondary Education By County', '35.0', '400004');
insert into COMMUNITY_MEASURE_ZIPCODE_CATEGORY_MASTER(COMMUNITY_CATEGORY_ID, COMMUNITY_CATEGORY_NAME, PERCENTAGE, ZIPCODE_ID) values ('600105', 'Percent Enrolled In Post-Secondary Education By County', '42.4', '400005');
insert into COMMUNITY_MEASURE_ZIPCODE_CATEGORY_MASTER(COMMUNITY_CATEGORY_ID, COMMUNITY_CATEGORY_NAME, PERCENTAGE, ZIPCODE_ID) values ('600106', 'Percent Enrolled In Post-Secondary Education By County', '38.5', '400006');
insert into COMMUNITY_MEASURE_ZIPCODE_CATEGORY_MASTER(COMMUNITY_CATEGORY_ID, COMMUNITY_CATEGORY_NAME, PERCENTAGE, ZIPCODE_ID) values ('600107', 'Percent Enrolled In Post-Secondary Education By County', '40.5', '400007');

